id,source_id,source,feed_url,categoria_base,pais,idioma,peso_fonte,title,link,summary,published_at,collected_at,mes_noticia,ano_noticia,text,topics,matched,priority,setor,confianca_setor,recency_score,ranking_score
2ad01a30f9c4ad122d1983aa193932772d36f50d1fd60862c0b04186d1522106,canal_rural,Canal Rural,https://www.canalrural.com.br/feed/,agronegocio,BR,pt-BR,0.9,Plano Safra da Agricultura Familiar 2026/2027 é lançado no Nordeste em Fortaleza,https://www.canalrural.com.br/agricultura/plano-safra-da-agricultura-familiar-2026-2027-e-lancado-no-nordeste-em-fortaleza/,"Evento reuniu anúncio de crédito fundiário, entrega de máquinas e apresentação de estudo sobre o Agroamigo O post Plano Safra da Agricultura Familiar 2026/2027 é lançado no Nordeste em Fortaleza apareceu primeiro em Canal Rural.",2026-07-01 23:18:42+00:00,2026-07-02 11:47:25.428876+00:00,2026-07,2026.0,"Plano Safra da Agricultura Familiar 2026/2027 é lançado no Nordeste em Fortaleza Evento reuniu anúncio de crédito fundiário, entrega de máquinas e apresentação de estudo sobre o Agroamigo O post Plano Safra da Agricultura Familiar 2026/2027 é lançado no Nordeste em Fortaleza apareceu primeiro em Canal Rural.","[{'topic': 'Crédito', 'priority': 4, 'keywords': ['crédito']}, {'topic': 'Agronegócio', 'priority': 5, 'keywords': ['agricultura', 'safra']}]",True,5.0,agronegócio,0.49786813408448405,0.9825969494286266,0.8702831722913141
446cc3a7c31f7fdb5284ef95fcb910bcbf143cdadba00b69e7d9d896c04ffc1a,startups_br,Startups,https://startups.com.br/feed/,inovacao,BR,pt-BR,0.8,Como a IA vai ajudar o Stark Bank a alcançar R$ 1 trilhão,https://startups.com.br/podcast/podcast-mvp/como-a-ia-vai-ajudar-o-stark-bank-a-alcancar-r-1-trilhao/,"Podcast MVP | Imagem: StartupsO podcast MVP desta semana recebeu Rafael Stark, fundador e CEO do Stark Bank, e Felipe Facchini, CEO da Stark Infra O post Como a IA vai ajudar o Stark Bank a alcançar R$ 1 trilhão apareceu primeiro em Startups.",2026-07-01 19:53:05+00:00,2026-07-02 11:50:25.609571+00:00,2026-07,2026.0,"Como a IA vai ajudar o Stark Bank a alcançar R$ 1 trilhão Podcast MVP | Imagem: StartupsO podcast MVP desta semana recebeu Rafael Stark, fundador e CEO do Stark Bank, e Felipe Facchini, CEO da Stark Infra O post Como a IA vai ajudar o Stark Bank a alcançar R$ 1 trilhão apareceu primeiro em Startups.","[{'topic': 'Empreendedorismo', 'priority': 5, 'keywords': ['startup']}, {'topic': 'Mercado Financeiro', 'priority': 3, 'keywords': ['lca']}]",True,5.0,serviço,0.5095009942873961,0.9778373043668982,0.8260182283657372
7302a9c8a188124e069eb1cf98da8149fbd469c7afd690e1b609133d65764664,bcb_noticias,Banco Central do Brasil Notícias,https://www.bcb.gov.br/api/feed/sitebcb/sitefeeds/noticias?ano=2024,governo_regulacao,BR,pt-BR,0.88,BC amplia acesso a contas em moeda estrangeira e moderniza a regulação cambial no país,https://www.bcb.gov.br/detalhenoticia/21191/noticia,"​O Banco Central (BC) anunciou, em 18 de junho, um novo passo no processo de modernização do mercado de câmbio brasileiro. A Resolução BCB 575 ampliou as possibilidades de abertura e movimentação de contas de depósito em moeda estrangeira no país, permitindo que novos perfis de pessoas jurídicas passem a utilizar esse instrumento em operações ligadas ao comércio exterior, ao crédito externo e ao investimento estrangeiro. A medida tem como objetivo aumentar a eficiência das operações internacionais, reduzir custos para empresas que atuam além das fronteiras e adequar a regulação à crescente integração da economia brasileira ao ambiente internacional.""Estamos aprimorando a regulação cambial para refletir melhor a inserção internacional da economia brasileira, com mais eficiência operacional e menor custo para as empresas, sem abrir mão da segurança, dos controles prudenciais e das regras que preservam o funcionamento do mercado de câmbio"", destaca Ricardo Franco Moura, Chefe do Departamento de Regulação Prudencial e Cambial (Dereg) do BC.A regulamentação atual já permite a utilização dessas contas por determinados agentes econômicos, como instituições financeiras, embaixadas, seguradoras e empresas de setores específicos. A medida amplia esse rol, incluindo novas categorias de titulares.Com a nova regra, poderão ser titulares dessas contas pessoas jurídicas exportadoras de bens, empresas residentes de direito privado com dívidas contratadas no exterior, sociedades sediadas no país com participação direta de não residentes em seu capital social e pessoas jurídicas não residentes credoras de crédito externo ou com participação direta em empresas brasileiras. Na prática, a norma abre espaço para que empresas com relação recorrente com o exterior administrem melhor seus fluxos financeiros, com menor necessidade de conversões operacionais e mais previsibilidade na gestão de recursos. Ao mesmo tempo, o aperfeiçoamento regulatório veio acompanhado de salvaguardas. A norma mantém as atuais restrições ao uso de moeda estrangeira para pagamentos no território nacional e não interfere na formação da taxa de câmbio. Também foram preservadas as exigências de prevenção à lavagem de dinheiro e ao financiamento do terrorismo, em linha com padrões internacionais. Além disso, as novas contas estarão sujeitas a condições específicas, como a vedação a saques e depósitos em espécie e a necessidade de comprovação da origem dos recursos. A norma entra em vigor em 1º de outubro de 2026, prazo definido para que as instituições autorizadas adaptem seus sistemas e processos.",2026-07-01 12:45:15+00:00,2026-07-02 11:48:09.750943+00:00,2026-07,2026.0,"BC amplia acesso a contas em moeda estrangeira e moderniza a regulação cambial no país ​O Banco Central (BC) anunciou, em 18 de junho, um novo passo no processo de modernização do mercado de câmbio brasileiro. A Resolução BCB 575 ampliou as possibilidades de abertura e movimentação de contas de depósito em moeda estrangeira no país, permitindo que novos perfis de pessoas jurídicas passem a utilizar esse instrumento em operações ligadas ao comércio exterior, ao crédito externo e ao investimento estrangeiro. A medida tem como objetivo aumentar a eficiência das operações internacionais, reduzir custos para empresas que atuam além das fronteiras e adequar a regulação à crescente integração da economia brasileira ao ambiente internacional.""Estamos aprimorando a regulação cambial para refletir melhor a inserção internacional da economia brasileira, com mais eficiência operacional e menor custo para as empresas, sem abrir mão da segurança, dos controles prudenciais e das regras que preservam o funcionamento do mercado de câmbio"", destaca Ricardo Franco Moura, Chefe do Departamento de Regulação Prudencial e Cambial (Dereg) do BC.A regulamentação atual já permite a utilização dessas contas por determinados agentes econômicos, como instituições financeiras, embaixadas, seguradoras e empresas de setores específicos. A medida amplia esse rol, incluindo novas categorias de titulares.Com a nova regra, poderão ser titulares dessas contas pessoas jurídicas exportadoras de bens, empresas residentes de direito privado com dívidas contratadas no exterior, sociedades sediadas no país com participação direta de não residentes em seu capital social e pessoas jurídicas não residentes credoras de crédito externo ou com participação direta em empresas brasileiras. Na prática, a norma abre espaço para que empresas com relação recorrente com o exterior administrem melhor seus fluxos financeiros, com menor necessidade de conversões operacionais e mais previsibilidade na gestão de recursos. Ao mesmo tempo, o aperfeiçoamento regulatório veio acompanhado de salvaguardas. A norma mantém as atuais restrições ao uso de moeda estrangeira para pagamentos no território nacional e não interfere na formação da taxa de câmbio. Também foram preservadas as exigências de prevenção à lavagem de dinheiro e ao financiamento do terrorismo, em linha com padrões internacionais. Além disso, as novas contas estarão sujeitas a condições específicas, como a vedação a saques e depósitos em espécie e a necessidade de comprovação da origem dos recursos. A norma entra em vigor em 1º de outubro de 2026, prazo definido para que as instituições autorizadas adaptem seus sistemas e processos.","[{'topic': 'Macroeconomia', 'priority': 5, 'keywords': ['câmbio', 'banco central']}, {'topic': 'Crédito', 'priority': 4, 'keywords': ['crédito', 'financiamento', 'investimento']}, {'topic': 'Mercado Financeiro', 'priority': 3, 'keywords': ['ações']}]",True,5.0,comércio,0.4383814004045377,0.9679337549841821,0.8046379702865858
fb34f088d2d4c2c6fd5206d0bfbb9ed768779dd421748ece670e02b60431be8f,sebrae_noticias_mg,Agencia de Notícias Sebrae/MG,https://mg.agenciasebrae.com.br/feed/,serviços,BR,pt-BR,0.98,Empreendedores criam associação da Rota do Café do Cerrado Mineiro,https://mg.agenciasebrae.com.br/cultura-empreendedora/empreendedores-criam-associacao-da-rota-do-cafe-do-cerrado-mineiro/,"A Região do Cerrado Mineiro passou a contar com a Associação dos Empreendedores da Rota do Café do Cerrado Mineiro (ACAFÉTUR). A nova entidade foi constituída para fomentar o desenvolvimento sustentável do turismo, promover a integração entre os empreendedores e estimular ações conjuntas de divulgação, capacitação e inovação na Rota. A iniciativa teve o suporte […]",2026-07-01 20:31:20+00:00,2026-07-02 11:47:53.823232+00:00,2026-07,2026.0,"Empreendedores criam associação da Rota do Café do Cerrado Mineiro A Região do Cerrado Mineiro passou a contar com a Associação dos Empreendedores da Rota do Café do Cerrado Mineiro (ACAFÉTUR). A nova entidade foi constituída para fomentar o desenvolvimento sustentável do turismo, promover a integração entre os empreendedores e estimular ações conjuntas de divulgação, capacitação e inovação na Rota. A iniciativa teve o suporte […]","[{'topic': 'Empreendedorismo', 'priority': 5, 'keywords': ['empreendedor', 'inovação']}, {'topic': 'Agronegócio', 'priority': 5, 'keywords': ['café']}, {'topic': 'Mercado Financeiro', 'priority': 3, 'keywords': ['ações']}]",True,5.0,agronegócio,0.364431174908202,0.9787227210335648,0.8015759699897806
b4064bfa18a54da5c9c61cec4db5c5cf9c404d87b6598708c2576687b3ffa336,sebrae_noticias_to,Agencia de Notícias Sebrae/TO,https://to.agenciasebrae.com.br/feed/,serviços,BR,pt-BR,0.98,Startup-SE realiza competição de inovação entre universitários em Palmas,https://to.agenciasebrae.com.br/inovacao-e-tecnologia/startup-se-realiza-competicao-de-inovacao-entre-universitarios-em-palmas/,"Nesta última segunda-feira, 29, foi finalizado o projeto Startup-SE, uma iniciativa que tem o objetivo de desenvolver competências empreendedoras, inovadoras e socioemocionais dos estudantes universitários. O evento, que ocorreu no Auditório do Sebrae, em Palmas, reuniu equipes que apresentaram soluções construídas ao longo da jornada de aprendizagem proposta pelo programa. Desenvolvido pela Universidade Federal do […]",2026-07-01 17:23:32+00:00,2026-07-02 11:48:05.326462+00:00,2026-07,2026.0,"Startup-SE realiza competição de inovação entre universitários em Palmas Nesta última segunda-feira, 29, foi finalizado o projeto Startup-SE, uma iniciativa que tem o objetivo de desenvolver competências empreendedoras, inovadoras e socioemocionais dos estudantes universitários. O evento, que ocorreu no Auditório do Sebrae, em Palmas, reuniu equipes que apresentaram soluções construídas ao longo da jornada de aprendizagem proposta pelo programa. Desenvolvido pela Universidade Federal do […]","[{'topic': 'Macroeconomia', 'priority': 5, 'keywords': ['fed']}, {'topic': 'Empreendedorismo', 'priority': 5, 'keywords': ['empreendedor', 'startup', 'inovação']}]",True,5.0,serviço,0.36339411802902494,0.9743754988113426,0.7985641073488422
77861cd4e457d0e6a13788f4141193983a4c5ad0184196b44937df616ab33e05,sebrae_noticias_go,Agencia de Notícias Sebrae/GO,https://go.agenciasebrae.com.br/feed/,serviços,BR,pt-BR,0.98,Indicações Geográficas de Goiás brilham em Gramado,https://go.agenciasebrae.com.br/cultura-empreendedora/indicacoes-geograficas-de-goias-brilham-em-gramado/,"A participação goiana no Connection Terroirs do Brasil 2026, realizado de 10 a 13 de junho em Gramado, Rio Grande do Sul, foi apoiada pelo Sebrae Goiás, que busca fortalecer a inserção comercial dos pequenos produtores e do turismo de experiência. O tradicional evento reúne anualmente lideranças institucionais, compradores, chefs, imprensa e representantes de IGs […]",2026-06-30 13:24:27+00:00,2026-07-02 11:47:49.643771+00:00,2026-06,2026.0,"Indicações Geográficas de Goiás brilham em Gramado A participação goiana no Connection Terroirs do Brasil 2026, realizado de 10 a 13 de junho em Gramado, Rio Grande do Sul, foi apoiada pelo Sebrae Goiás, que busca fortalecer a inserção comercial dos pequenos produtores e do turismo de experiência. O tradicional evento reúne anualmente lideranças institucionais, compradores, chefs, imprensa e representantes de IGs […]","[{'topic': 'Mercado Financeiro', 'priority': 3, 'keywords': ['ações']}]",True,3.0,agronegócio,0.3753650401600816,0.9355078290582561,0.7887965454846535
66a207281e6ab502bf80c27ab4b79c233e839ae9f969ef33691fdf99a3ce1481,sebrae_noticias_ap,Agencia de Notícias Sebrae/AP,https://ap.agenciasebrae.com.br/feed/,serviços,BR,pt-BR,0.98,Dia de Campo fortalece cadeia produtiva do Abacaxi de Porto Grande,https://ap.agenciasebrae.com.br/cultura-empreendedora/dia-de-campo-fortalece-cadeia-produtiva-do-abacaxi-de-porto-grande/,"O Serviço de Apoio às Micro e Pequenas Empresas no Amapá (Sebrae) em parceria com a Prefeitura de Porto Grande, Empresa Brasileira de Pesquisa Agropecuária (Embrapa), Instituto de Desenvolvimento Rural do Amapá (Rurap) e Associação dos Produtores do Abacaxi de Porto Grande (ASPAG PG), realizou neste sábado (27), na Colônia Agrícola do Matapi, em Porto […]",2026-06-30 19:47:19+00:00,2026-07-02 11:47:44.232242+00:00,2026-06,2026.0,"Dia de Campo fortalece cadeia produtiva do Abacaxi de Porto Grande O Serviço de Apoio às Micro e Pequenas Empresas no Amapá (Sebrae) em parceria com a Prefeitura de Porto Grande, Empresa Brasileira de Pesquisa Agropecuária (Embrapa), Instituto de Desenvolvimento Rural do Amapá (Rurap) e Associação dos Produtores do Abacaxi de Porto Grande (ASPAG PG), realizou neste sábado (27), na Colônia Agrícola do Matapi, em Porto […]","[{'topic': 'Agronegócio', 'priority': 5, 'keywords': ['pecuária', 'embrapa']}]",True,5.0,agronegócio,0.3632697929456964,0.9443704833792438,0.7834578612573833
f7af6c2fa406eea6ac1ddc0d87765fc2725f632419328c74308fa59102e49950,sebrae_noticias_pi,Agencia de Notícias Sebrae/PI,https://pi.agenciasebrae.com.br/feed/,serviços,BR,pt-BR,0.98,Sebrae promove a Arena do Empreendedor na Picos Pro Race,https://pi.agenciasebrae.com.br/cultura-empreendedora/sebrae-promove-a-arena-do-empreendedor-na-picos-pro-race/,"Entre os dias 03 e 05 de julho acontecerá a Picos Pro Race, um dos maiores eventos esportivos do Norte e Nordeste. O Sebrae é parceiro da iniciativa e durante os três dias do evento, na cidade de Picos, promoverá a Arena do Empreendedor, no estacionamento do Piauí Shopping, espaço que reunirá 21 pequenos negócios […]",2026-07-01 12:19:04+00:00,2026-07-02 11:47:58.231162+00:00,2026-07,2026.0,"Sebrae promove a Arena do Empreendedor na Picos Pro Race Entre os dias 03 e 05 de julho acontecerá a Picos Pro Race, um dos maiores eventos esportivos do Norte e Nordeste. O Sebrae é parceiro da iniciativa e durante os três dias do evento, na cidade de Picos, promoverá a Arena do Empreendedor, no estacionamento do Piauí Shopping, espaço que reunirá 21 pequenos negócios […]","[{'topic': 'Empreendedorismo', 'priority': 5, 'keywords': ['empreendedor', 'negócios']}]",True,5.0,agronegócio,0.34457037531319196,0.9673276593051697,0.7798328971317622
59a0bc6a501b6709517595aba73a95d3b7e97ad56f526e62b4dfb8e8080710ce,sebrae_noticias_rr,Agencia de Notícias Sebrae/RR,https://rr.agenciasebrae.com.br/feed/,serviços,BR,pt-BR,0.98,Sebrae Roraima abre inscrições para programa de aceleração de startups e projetos inovadores,https://rr.agenciasebrae.com.br/inovacao-e-tecnologia/sebrae-roraima-abre-inscricoes-para-programa-de-aceleracao-de-startups-e-projetos-inovadores/,"Empreendedores de Roraima que desenvolvem soluções inovadoras já podem se inscrever no Roraima Startups – Programa de Aceleração de Startups do Sebrae/RR. A iniciativa está com inscrições abertas até 17 de julho e busca selecionar startups formalizadas e projetos inovadores ainda não constituídos como empresa para uma jornada de desenvolvimento voltada à validação, crescimento e […]",2026-06-29 11:00:17+00:00,2026-07-02 11:48:02.778739+00:00,2026-06,2026.0,"Sebrae Roraima abre inscrições para programa de aceleração de startups e projetos inovadores Empreendedores de Roraima que desenvolvem soluções inovadoras já podem se inscrever no Roraima Startups – Programa de Aceleração de Startups do Sebrae/RR. A iniciativa está com inscrições abertas até 17 de julho e busca selecionar startups formalizadas e projetos inovadores ainda não constituídos como empresa para uma jornada de desenvolvimento voltada à validação, crescimento e […]","[{'topic': 'Empreendedorismo', 'priority': 5, 'keywords': ['empreendedor', 'startup', 'aceleração']}]",True,5.0,serviço,0.37297508396067586,0.8988373043668981,0.7685265503258074
b06f981fda7e6d41ac0c0ffbacff8a15dcf74e9c6dd05dfb28d176e0717043fb,folha_mercado,Folha Mercado,https://feeds.folha.uol.com.br/mercado/rss091.xml,economia,BR,pt-BR,0.84,"Startups de IA no Brasil crescem 149% ao ano, diz AWS",https://redir.folha.com.br/redir/online/mercado/rss091/*https://www1.folha.uol.com.br/colunas/painelsa/2026/07/empresas-brasileiras-lideram-uso-de-ia-na-america-latina-diz-aws.shtml,"Dados de nova pesquisa encomendada pela AWS (Amazon Web Services) à consultoria Strand Partners apontam que as ""nativas de IA"" brasileiras -startups com menos de cinco anos que construíram o produto em torno da tecnologia- registraram crescimento médio anual de receita de 149%. O índice fica próximo da média global do mesmo grupo, de 156%, e mais que dobra o desempenho das startups brasileiras em geral, de 64%. (07/01/2026 - 10h00)",2026-07-01 13:00:00+00:00,2026-07-02 11:48:06.383503+00:00,2026-07,2026.0,"Startups de IA no Brasil crescem 149% ao ano, diz AWS Dados de nova pesquisa encomendada pela AWS (Amazon Web Services) à consultoria Strand Partners apontam que as ""nativas de IA"" brasileiras -startups com menos de cinco anos que construíram o produto em torno da tecnologia- registraram crescimento médio anual de receita de 149%. O índice fica próximo da média global do mesmo grupo, de 156%, e mais que dobra o desempenho das startups brasileiras em geral, de 64%. (07/01/2026 - 10h00)","[{'topic': 'Empreendedorismo', 'priority': 5, 'keywords': ['startup']}]",True,5.0,serviço,0.4087368583976077,0.9682751901693673,0.7603479493632975
308d1d1904135895cf71ecc5ab676854723909ab60529adf1415b468293bee78,techcrunch,TechCrunch,https://techcrunch.com/feed/,inovacao,GLOBAL,en-US,0.8,Builders Stage agenda revealed: Practical strategies for scaling startups at TechCrunch Disrupt 2026,https://techcrunch.com/2026/07/01/builders-stage-agenda-revealed-practical-strategies-for-scaling-startups-at-techcrunch-disrupt-2026/,"The Builders Stage is returning to TechCrunch Disrupt 2026, bringing together 10,000+ founders, startup operators, and investors for practical conversations. and Q&A on what it takes to build and scale successful companies. Register now to save up to $330.",2026-07-01 14:00:00+00:00,2026-07-02 11:50:25.727319+00:00,2026-07,2026.0,"Builders Stage agenda revealed: Practical strategies for scaling startups at TechCrunch Disrupt 2026 The Builders Stage is returning to TechCrunch Disrupt 2026, bringing together 10,000+ founders, startup operators, and investors for practical conversations. and Q&A on what it takes to build and scale successful companies. Register now to save up to $330.","[{'topic': 'Empreendedorismo', 'priority': 5, 'keywords': ['startup']}]",True,5.0,serviço,0.4264839981585982,0.9696640790582562,0.7548665210088901
a3984f07cb06d7430b29ed739c8bd920565cbabe5391572f8ae0b623e356efd0,folha_mercado,Folha Mercado,https://feeds.folha.uol.com.br/mercado/rss091.xml,economia,BR,pt-BR,0.84,Indicado de Haddad ganha peso em disputa por diretoria-chave do BC,https://redir.folha.com.br/redir/online/mercado/rss091/*https://www1.folha.uol.com.br/mercado/2026/07/indicado-de-haddad-ganha-peso-em-disputa-por-diretoria-chave-do-bc.shtml,"O diretor do Banco Central Paulo Picchetti, 64, ganhou peso na disputa para ser efetivado na diretoria de Política Econômica da autarquia. O posto é considerado chave no BC porque subsidia o Copom (Comitê de Política Monetária), instância que define o futuro da taxa básica de juros (Selic), com estudos, dados e análises de conjuntura. (07/01/2026 - 04h00)",2026-07-01 07:00:00+00:00,2026-07-02 11:48:06.383892+00:00,2026-07,2026.0,"Indicado de Haddad ganha peso em disputa por diretoria-chave do BC O diretor do Banco Central Paulo Picchetti, 64, ganhou peso na disputa para ser efetivado na diretoria de Política Econômica da autarquia. O posto é considerado chave no BC porque subsidia o Copom (Comitê de Política Monetária), instância que define o futuro da taxa básica de juros (Selic), com estudos, dados e análises de conjuntura. (07/01/2026 - 04h00)","[{'topic': 'Macroeconomia', 'priority': 5, 'keywords': ['selic', 'copom', 'juros', 'banco central']}]",True,5.0,comércio,0.3899946960408432,0.959941856836034,0.7410397543075766
3d37c77816e46625eb307b00537e05f639b9051a3c3bfb34e34a944248e00dc7,bcb_noticias,Banco Central do Brasil Notícias,https://www.bcb.gov.br/api/feed/sitebcb/sitefeeds/noticias?ano=2024,governo_regulacao,BR,pt-BR,0.88,Pix por aproximação ganha mais flexibilidade e deixa de ter teto fixo de R$500,https://www.bcb.gov.br/detalhenoticia/21169/noticia,"​O Banco Central (BC) alterou as regras do Pix por aproximação e retirou o teto fixo de R$500 que vigorava para esse tipo de pagamento. Pela Instrução Normativa BCB 746, publicada em 17 de junho, as transações por aproximação e aquelas iniciadas por meio da Jornada Sem Redirecionamento (JSR), no Open Finance, passam a seguir a lógica dos demais pagamentos via Pix: o usuário poderá solicitar ao seu banco o aumento ou a redução do limite diário e do limite por transação, de acordo com a ferramenta de gestão de limites que deve ser disponibilizada por todos os bancos em seus aplicativos. Na prática, a mudança torna o Pix por aproximação ainda mais parecido com a experiência já conhecida por quem usa chave ou QR Code. Com a retirada do limite específico, os usuários poderão fazer transações de valor mais elevado, respeitados os limites definidos pelo usuário, por meio do Pix por aproximação, que é uma experiência com menos fricção do que as demais formas de iniciação. A norma entra em vigor em 1º de outubro de 2026, prazo dado às instituições financeiras e de pagamento para que realizem as adequações operacionais necessárias.""Ao permitir que o usuário ajuste o limite do Pix por aproximação dentro dos canais da sua instituição, a nova regra torna a experiência mais aderente às necessidades do dia a dia, sem perder de vista os mecanismos de segurança já incorporados ao ecossistema do Pix"", destaca Breno Lobo, Chefe Adjunto do Departamento de Competição e de Estrutura do Mercado Financeiro (Decem) do BC.Open FinanceA atualização também alcança pagamentos iniciados sem redirecionamento no Open Finance, como transações feitas em carteiras digitais compatíveis. O objetivo é unificar as diretrizes e reduzir diferenças regulatórias entre jornadas que, do ponto de vista do usuário, têm a mesma proposta: tornar o pagamento mais simples, rápido e fluido tanto no comércio físico quanto no ambiente digital, permitindo que transações de valor mais elevado também possam ser feitas por meio das carteiras digitais compatíveis. O Pix por aproximação foi concebido justamente para simplificar a jornada de pagamento e ampliar a conveniência no uso do sistema.",2026-06-19 19:01:50+00:00,2026-07-02 11:48:09.752122+00:00,2026-06,2026.0,"Pix por aproximação ganha mais flexibilidade e deixa de ter teto fixo de R$500 ​O Banco Central (BC) alterou as regras do Pix por aproximação e retirou o teto fixo de R$500 que vigorava para esse tipo de pagamento. Pela Instrução Normativa BCB 746, publicada em 17 de junho, as transações por aproximação e aquelas iniciadas por meio da Jornada Sem Redirecionamento (JSR), no Open Finance, passam a seguir a lógica dos demais pagamentos via Pix: o usuário poderá solicitar ao seu banco o aumento ou a redução do limite diário e do limite por transação, de acordo com a ferramenta de gestão de limites que deve ser disponibilizada por todos os bancos em seus aplicativos. Na prática, a mudança torna o Pix por aproximação ainda mais parecido com a experiência já conhecida por quem usa chave ou QR Code. Com a retirada do limite específico, os usuários poderão fazer transações de valor mais elevado, respeitados os limites definidos pelo usuário, por meio do Pix por aproximação, que é uma experiência com menos fricção do que as demais formas de iniciação. A norma entra em vigor em 1º de outubro de 2026, prazo dado às instituições financeiras e de pagamento para que realizem as adequações operacionais necessárias.""Ao permitir que o usuário ajuste o limite do Pix por aproximação dentro dos canais da sua instituição, a nova regra torna a experiência mais aderente às necessidades do dia a dia, sem perder de vista os mecanismos de segurança já incorporados ao ecossistema do Pix"", destaca Breno Lobo, Chefe Adjunto do Departamento de Competição e de Estrutura do Mercado Financeiro (Decem) do BC.Open FinanceA atualização também alcança pagamentos iniciados sem redirecionamento no Open Finance, como transações feitas em carteiras digitais compatíveis. O objetivo é unificar as diretrizes e reduzir diferenças regulatórias entre jornadas que, do ponto de vista do usuário, têm a mesma proposta: tornar o pagamento mais simples, rápido e fluido tanto no comércio físico quanto no ambiente digital, permitindo que transações de valor mais elevado também possam ser feitas por meio das carteiras digitais compatíveis. O Pix por aproximação foi concebido justamente para simplificar a jornada de pagamento e ampliar a conveniência no uso do sistema.","[{'topic': 'Macroeconomia', 'priority': 5, 'keywords': ['banco central']}, {'topic': 'Mercado Financeiro', 'priority': 3, 'keywords': ['ações', 'lca']}]",True,5.0,comércio,0.5906710899168268,0.5766509617743055,0.7319787220201343
4dc39b02c952c04d04b1a655db9a3a0bb9bff9c04a82c34eacb5eb0e53f640be,sebrae_noticias_ma,Agencia de Notícias Sebrae/MA,https://ma.agenciasebrae.com.br/feed/,serviços,BR,pt-BR,0.98,Biofábrica maranhense aposta na proteína de insetos e conquista mercado nacional com produção sustentável,https://ma.agenciasebrae.com.br/cultura-empreendedora/biofabrica-maranhense-aposta-na-proteina-de-insetos-e-conquista-mercado-nacional-com-producao-sustentavel/,"OUÇA ESTA MATÉRIA 🎧 Uma oportunidade pode surgir dos lugares mais inesperados. No caso do empreendedor Armando Pacheco, ela veio da televisão. Há cerca de quatro anos, ao assistir a uma reportagem sobre a produção de insetos em diferentes países, ele teve contato com um setor ainda pouco conhecido no Brasil, mas que já despertava […]",2026-07-01 18:38:13+00:00,2026-07-02 11:47:50.623324+00:00,2026-07,2026.0,"Biofábrica maranhense aposta na proteína de insetos e conquista mercado nacional com produção sustentável OUÇA ESTA MATÉRIA 🎧 Uma oportunidade pode surgir dos lugares mais inesperados. No caso do empreendedor Armando Pacheco, ela veio da televisão. Há cerca de quatro anos, ao assistir a uma reportagem sobre a produção de insetos em diferentes países, ele teve contato com um setor ainda pouco conhecido no Brasil, mas que já despertava […]","[{'topic': 'Empreendedorismo', 'priority': 5, 'keywords': ['empreendedor']}]",True,5.0,indústria,0.26709540458226805,0.9761042796755401,0.7216350317804432
9c293c5c5e891ab7537d234f373941dbe80485bcdcd1c7fdefde7c88a4a79159,sebrae_noticias_rr,Agencia de Notícias Sebrae/RR,https://rr.agenciasebrae.com.br/feed/,serviços,BR,pt-BR,0.98,Período de férias movimenta economia de Roraima e cria oportunidades para pequenos negócios,https://rr.agenciasebrae.com.br/cultura-empreendedora/periodo-de-ferias-movimenta-economia-de-roraima-e-cria-oportunidades-para-pequenos-negocios/,"As férias do meio de ano representam uma oportunidade para diversos setores da economia de Roraima. De acordo com o Sebrae Roraima, o período costuma aumentar a circulação de pessoas e estimular o consumo de produtos e serviços ligados ao lazer, turismo, entretenimento e alimentação, gerando reflexos positivos para os pequenos negócios. Com mudanças na […]",2026-07-01 13:20:22+00:00,2026-07-02 11:48:02.778586+00:00,2026-07,2026.0,"Período de férias movimenta economia de Roraima e cria oportunidades para pequenos negócios As férias do meio de ano representam uma oportunidade para diversos setores da economia de Roraima. De acordo com o Sebrae Roraima, o período costuma aumentar a circulação de pessoas e estimular o consumo de produtos e serviços ligados ao lazer, turismo, entretenimento e alimentação, gerando reflexos positivos para os pequenos negócios. Com mudanças na […]","[{'topic': 'Empreendedorismo', 'priority': 5, 'keywords': ['negócios']}, {'topic': 'Agronegócio', 'priority': 5, 'keywords': ['gado']}]",True,5.0,comércio,0.25202634769842475,0.9687466407866513,0.705782061608166
9da85ed6a66d2ec8d51bdf860ed5cf43aea9a347ca1c1c5da2a41bfe5eaf0e6e,sebrae_noticias_sp,Agencia de Notícias Sebrae/SP,https://sp.agenciasebrae.com.br/feed/,serviços,BR,pt-BR,0.98,Nova turma do Empretec transforma empreendedores em Bauru,https://sp.agenciasebrae.com.br/cultura-empreendedora/nova-turma-do-empretec-transforma-empreendedores-em-bauru/,"A primeira edição do Empretec 2026 em Bauru formou 22 novos empreendedores capacitados com a metodologia desenvolvida pela ONU e reconhecida por promover o desenvolvimento de características essenciais para o sucesso nos negócios. O seminário foi realizado entre os dias 22 e 26 de junho no escritório regional do Sebrae-SP em Bauru. A capacitação contou com a parceria do Instituto Credicitrus, reforçando o compromisso com o […]",2026-06-30 20:21:50+00:00,2026-07-02 11:48:03.617633+00:00,2026-06,2026.0,"Nova turma do Empretec transforma empreendedores em Bauru A primeira edição do Empretec 2026 em Bauru formou 22 novos empreendedores capacitados com a metodologia desenvolvida pela ONU e reconhecida por promover o desenvolvimento de características essenciais para o sucesso nos negócios. O seminário foi realizado entre os dias 22 e 26 de junho no escritório regional do Sebrae-SP em Bauru. A capacitação contou com a parceria do Instituto Credicitrus, reforçando o compromisso com o […]","[{'topic': 'Empreendedorismo', 'priority': 5, 'keywords': ['empreendedor', 'negócios']}]",True,5.0,comércio,0.2603290093448829,0.9451694802928241,0.7006980818152189
0f4aaede53b88e3b50e93ed4662483cfd77e118e20c9a2a1eb8291c532f1adb3,folha_mercado,Folha Mercado,https://feeds.folha.uol.com.br/mercado/rss091.xml,economia,BR,pt-BR,0.84,Presidente da Petrobras diz ser cedo para falar sobre redução no preço da gasolina,https://redir.folha.com.br/redir/online/mercado/rss091/*https://www1.folha.uol.com.br/mercado/2026/07/presidente-da-petrobras-diz-ser-cedo-para-falar-sobre-reducao-no-preco-da-gasolina.shtml,"A presidente da Petrobras, Magda Chambriard, afirmou nesta quarta-feira (1º) que ainda é prematuro falar sobre corte no preço da gasolina, apesar da queda das cotações internacionais do petróleo com a perspectiva de fim da guerra no Irã. (07/01/2026 - 14h31)",2026-07-01 17:31:00+00:00,2026-07-02 11:48:06.383227+00:00,2026-07,2026.0,"Presidente da Petrobras diz ser cedo para falar sobre redução no preço da gasolina A presidente da Petrobras, Magda Chambriard, afirmou nesta quarta-feira (1º) que ainda é prematuro falar sobre corte no preço da gasolina, apesar da queda das cotações internacionais do petróleo com a perspectiva de fim da guerra no Irã. (07/01/2026 - 14h31)","[{'topic': 'Mercado Financeiro', 'priority': 3, 'keywords': ['ações']}]",True,3.0,indústria,0.26874020989058905,0.9745483383175154,0.6503907524343778
ce06c7f414f692d9e147158499b181dbcb3c646d6d18ff25cea7d39e79e6f6a6,bcb_noticias,Banco Central do Brasil Notícias,https://www.bcb.gov.br/api/feed/sitebcb/sitefeeds/noticias?ano=2024,governo_regulacao,BR,pt-BR,0.88,Mais eficiência nos pagamentos com o uso do Open Finance,https://www.bcb.gov.br/detalhenoticia/21170/noticia,"Mais uma novidade para os usuários do Open Finance. A partir de hoje, o cliente poderá optar pelo compartilhamento dos dados de saldo e limite ao conectar sua conta no Pix por Aproximação em carteiras digitais ou ao autorizar movimentações automáticas dessa conta via Open Finance. Assim, quando for fazer um pagamento utilizando uma carteira digital que ofereça essa funcionalidade, o cliente poderá, por exemplo, visualizar quanto ainda tem de saldo em conta antes da transação. A opção está sendo chamada de ""jornada otimizada"" porque evita que o cliente tenha que passar por todo o processo de compartilhamento de dados para autorizar o acesso dessas informações e depois passar por processo semelhante para autorizar a vinculação da conta para pagamentos. Com essa funcionalidade, espera-se aumentar a efetividade dos pagamentos realizados via Open Finance, uma vez que um dos principais motivos de falha é saldo insuficiente. Segundo o chefe de subunidade no Departamento de Regulação do Sistema Financeiro (Denor) Matheus Rauber, bancos e empresas podem criar novos produtos com essa funcionalidade, tanto vinculados a pagamentos com débito em conta, como relacionados a checkout mais fluido, com características de menor abandono de pagamento e de conclusão mais rápida da compra. ​""Qualquer que seja a solução ofertada, deve estar claro para o cliente a finalidade de uso dessas informações. Como em qualquer compartilhamento de dados, é importante que o cliente sempre verifique de que forma essa informação será utilizada"", disse Matheus Rauber, Chefe de subunidade no Departamento de Regulação do Sistema Financeiro (Denor) do BC.Rauber destaca que o compartilhamento do saldo e limite é opcional e as instituições devem permitir que a vinculação da conta ou a autorização de movimentação automática prossiga normalmente mesmo quando o cliente não selecionar essa opção. “O Banco Central estabeleceu que o cliente precisa ativamente selecionar a opção. Ela não pode vir pré-preenchida”, esclarece. Além disso, como já é regra no Open Finance, o cancelamento é possível a qualquer tempo. O cliente poderá cancelar somente o compartilhamento de saldo e limite, mantendo a vinculação de conta ativa. Se o cliente cancelar a vinculação, o compartilhamento de saldo e limite também é cancelado automaticamente. É importante destacar que esses consentimentos do cliente poderão ser revogados a qualquer momento. A possibilidade de visualização de saldos e limites disponíveis serve para melhorar a experiência do pagamento. Assim, se o cliente revogar o consentimento de pagamento, revoga automaticamente a visualização de dados. Por outro lado, se o cliente quiser continuar a fazer pagamentos, mas não quiser mais visualizar estes dados durante sua efetivação pode revogá-lo sem problema. Otimização Essa jornada otimizada poderá ser oferecida somente em duas modalidades de pagamento do Open Finance: - quando o cliente vincula sua conta no banco B a uma instituição iniciadora (banco A); essa funcionalidade inclui o Pix por aproximação por meio da carteira digital; - quando o cliente autoriza transferências automáticas via Open Finance de uma conta sua no banco B para sua conta no banco A (Transferências Inteligentes). Quem vai ofertar o serviço A oferta do serviço é opcional. Mas as instituições detentoras das contas do cliente serão obrigadas a cumprir eventual ordem de pagamento ou transferência. Segurança A segurança é um dos pilares regulatórios do Open Finance. O ecossistema se baseia em aspectos como consentimento explícito; autenticação forte – com senha e biometria, que são as mesmas usadas pelo cliente para utilizar os serviços financeiros do seu banco; compartilhamento bilateral via APIs padronizadas; e a participação de apenas instituições autorizadas pelo BC. “O consentimento explícito significa que, para o compartilhamento acontecer, é preciso o cliente dar uma autorização específica e autenticada, ele controla de qual banco quer compartilhar, por quanto tempo e outras condições”, lembrou o chefe de subunidade. Papel do BC O Banco Central define os princípios, objetivos e principais regras do Open Finance, estimulando a concorrência e a criação de novos produtos e serviços financeiros no âmbito do ecossistema, além de estabelecer regras de consentimento e supervisionar os participantes do sistema. Saiba mais sobre o Open Finance aqui.",2026-06-22 11:30:42+00:00,2026-07-02 11:48:09.751859+00:00,2026-06,2026.0,"Mais eficiência nos pagamentos com o uso do Open Finance Mais uma novidade para os usuários do Open Finance. A partir de hoje, o cliente poderá optar pelo compartilhamento dos dados de saldo e limite ao conectar sua conta no Pix por Aproximação em carteiras digitais ou ao autorizar movimentações automáticas dessa conta via Open Finance. Assim, quando for fazer um pagamento utilizando uma carteira digital que ofereça essa funcionalidade, o cliente poderá, por exemplo, visualizar quanto ainda tem de saldo em conta antes da transação. A opção está sendo chamada de ""jornada otimizada"" porque evita que o cliente tenha que passar por todo o processo de compartilhamento de dados para autorizar o acesso dessas informações e depois passar por processo semelhante para autorizar a vinculação da conta para pagamentos. Com essa funcionalidade, espera-se aumentar a efetividade dos pagamentos realizados via Open Finance, uma vez que um dos principais motivos de falha é saldo insuficiente. Segundo o chefe de subunidade no Departamento de Regulação do Sistema Financeiro (Denor) Matheus Rauber, bancos e empresas podem criar novos produtos com essa funcionalidade, tanto vinculados a pagamentos com débito em conta, como relacionados a checkout mais fluido, com características de menor abandono de pagamento e de conclusão mais rápida da compra. ​""Qualquer que seja a solução ofertada, deve estar claro para o cliente a finalidade de uso dessas informações. Como em qualquer compartilhamento de dados, é importante que o cliente sempre verifique de que forma essa informação será utilizada"", disse Matheus Rauber, Chefe de subunidade no Departamento de Regulação do Sistema Financeiro (Denor) do BC.Rauber destaca que o compartilhamento do saldo e limite é opcional e as instituições devem permitir que a vinculação da conta ou a autorização de movimentação automática prossiga normalmente mesmo quando o cliente não selecionar essa opção. “O Banco Central estabeleceu que o cliente precisa ativamente selecionar a opção. Ela não pode vir pré-preenchida”, esclarece. Além disso, como já é regra no Open Finance, o cancelamento é possível a qualquer tempo. O cliente poderá cancelar somente o compartilhamento de saldo e limite, mantendo a vinculação de conta ativa. Se o cliente cancelar a vinculação, o compartilhamento de saldo e limite também é cancelado automaticamente. É importante destacar que esses consentimentos do cliente poderão ser revogados a qualquer momento. A possibilidade de visualização de saldos e limites disponíveis serve para melhorar a experiência do pagamento. Assim, se o cliente revogar o consentimento de pagamento, revoga automaticamente a visualização de dados. Por outro lado, se o cliente quiser continuar a fazer pagamentos, mas não quiser mais visualizar estes dados durante sua efetivação pode revogá-lo sem problema. Otimização Essa jornada otimizada poderá ser oferecida somente em duas modalidades de pagamento do Open Finance: - quando o cliente vincula sua conta no banco B a uma instituição iniciadora (banco A); essa funcionalidade inclui o Pix por aproximação por meio da carteira digital; - quando o cliente autoriza transferências automáticas via Open Finance de uma conta sua no banco B para sua conta no banco A (Transferências Inteligentes). Quem vai ofertar o serviço A oferta do serviço é opcional. Mas as instituições detentoras das contas do cliente serão obrigadas a cumprir eventual ordem de pagamento ou transferência. Segurança A segurança é um dos pilares regulatórios do Open Finance. O ecossistema se baseia em aspectos como consentimento explícito; autenticação forte – com senha e biometria, que são as mesmas usadas pelo cliente para utilizar os serviços financeiros do seu banco; compartilhamento bilateral via APIs padronizadas; e a participação de apenas instituições autorizadas pelo BC. “O consentimento explícito significa que, para o compartilhamento acontecer, é preciso o cliente dar uma autorização específica e autenticada, ele controla de qual banco quer compartilhar, por quanto tempo e outras condições”, lembrou o chefe de subunidade. Papel do BC O Banco Central define os princípios, objetivos e principais regras do Open Finance, estimulando a concorrência e a criação de novos produtos e serviços financeiros no âmbito do ecossistema, além de estabelecer regras de consentimento e supervisionar os participantes do sistema. Saiba mais sobre o Open Finance aqui.","[{'topic': 'Macroeconomia', 'priority': 5, 'keywords': ['banco central']}, {'topic': 'Agronegócio', 'priority': 5, 'keywords': ['gado']}, {'topic': 'Mercado Financeiro', 'priority': 3, 'keywords': ['ações']}]",True,5.0,indústria,0.3156326861674972,0.6662080605397377,0.5545809551199535
0ccb2c95f292a8a2f2eebb5de2be99476b739424f4ca7aff1b0658a1f5acd3a0,bcb_noticias,Banco Central do Brasil Notícias,https://www.bcb.gov.br/api/feed/sitebcb/sitefeeds/noticias?ano=2024,governo_regulacao,BR,pt-BR,0.88,"Educação financeira é central para ampliar autonomia da população, diz diretora do BC",https://www.bcb.gov.br/detalhenoticia/21160/noticia,"A educação financeira também é elemento central para promover a autonomia da população brasileira. A avaliação foi apresentada pela Diretora de Cidadania e Supervisão de Conduta do Banco Central, Izabela Correa, durante a abertura do 3º Encontro de Educação Financeira, realizado nesta sexta-feira (12), em São Paulo.Clique para ver como foi encontro.Promovido pela Associação Brasileira das Entidades dos Mercados Financeiro e de Capitais (Anbima), o evento reuniu representantes de diversas instituições, como B3, Comissão de Valores Mobiliários (CVM), Federação Brasileira de Bancos (Febraban), Fundo Garantidor de Créditos (FGC), Planejar e Sebrae. O tema desta edição foi “Aprender para viver mais e melhor”.Na avaliação da diretora, a educação financeira tem papel estruturante na ampliação de oportunidades e na promoção da inclusão. ""Em um país que busca ampliar oportunidades e promover inclusão, a educação financeira não é um tema periférico, mas um elemento central para que possamos avançar na cidadania e na autonomia dos brasileiros"", disse Izabela Correa, Diretora de Cidadania e Supervisão de Conduta do BC.Segundo ela, o Banco Central tem ampliado a atuação nessa agenda por meio de diferentes iniciativas voltadas à educação financeira.""Humor e linguagem aproximam debate dos adolescentesA programação do evento incluiu painéis que combinaram dados e análise para discutir os desafios contemporâneos da educação financeira — especialmente entre adolescentes. Parte da nossa comunicação sobre educação financeira é para os especialistas, aí usamos a linguagem dos especialistas. Parte da nossa comunicação é para a população geral, aí usamos linguagens diversas. Inclusive o humor. E o humor não é usado simplesmente porque a gente gosta do humor. O humor é uma linguagem inclusiva, conversa com um público bastante amplo”, afirmou Izabela.Em uma das mesas do evento, Rita Almeida, do Lab Humanidades, e Renato Meireles, do Instituto Locomotiva, abordaram transformações no comportamento das novas gerações, em temas como tecnologia, algoritmos e inteligência artificial.Para Meireles, o desafio passa também pela forma de comunicação. “Nós somos os adultos da sala. E, quando falamos de educação financeira, a responsabilidade é nossa — mas talvez não com a mesma régua e o mesmo vocabulário que usamos no passado”, afirmou.Rita destacou que os adolescentes associam educação financeira a objetivos concretos, como independência e apoio à família, ao mesmo tempo em que demonstram insegurança em relação ao futuro. “Quase metade deles tem receio de que os pais percam o emprego por causa da inteligência artificial”, observou.O debate também avançou sobre a relação entre trabalho, aposentadoria e saúde mental. Segundo o psiquiatra Pedro Shiozawa, da Great People Mental Health, a velocidade de produção de conhecimento redefine desafios para a sociedade. “O volume de informação cresce de forma exponencial, o que aumenta a complexidade das decisões individuais”, disse.O cenário, segundo os participantes, reforça a importância de fortalecer a educação financeira como ferramenta para lidar com um ambiente de mudanças rápidas e maior incerteza.Aprender ValorEntre as iniciativas, Izabela destacou o programa Aprender Valor, principal ação do Banco Central na área de educação financeira. Criado em 2020, o programa apoia a inserção do tema no ensino fundamental, com materiais e formação voltados a professores e redes de ensino.De acordo com a diretora, a iniciativa já alcança mais de 150 mil profissionais da educação e está presente em mais de 30 mil escolas em todo o país. A próxima etapa prevê a expansão para o ensino médio.O Aprender Valor também integra a estratégia do governo federal para educação financeira na educação básica, ao ser a base da plataforma do programa Na Ponta do Lápis, coordenado pelo Ministério da Educação. PremiaçãoDurante o encontro, foi realizada ainda a cerimônia de premiação do Aprender Valor 2026, que reconhece boas práticas de implementação do programa nas escolas.A programação incluiu painéis dedicados aos desafios contemporâneos da educação financeira, especialmente entre jovens. Em uma das apresentações, especialistas destacaram a necessidade de adaptação da linguagem e das abordagens diante das transformações tecnológicas e do impacto da inteligência artificial.A agenda do evento também abordou a relação entre finanças pessoais, bem-estar e saúde mental, reforçando a complexidade dos desafios envolvidos na formação financeira da população em um cenário de acelerada produção de conhecimento e mudanças no mundo do trabalho.Agenda estratégicaA participação do Banco Central no encontro reforça a educação financeira como eixo estratégico da agenda de cidadania financeira da instituição. A atuação busca ampliar o acesso da população a informações e ferramentas que favoreçam decisões mais conscientes, contribuindo para maior inclusão e estabilidade no relacionamento com o sistema financeiro.",2026-06-12 20:41:09+00:00,2026-07-02 11:48:09.753019+00:00,2026-06,2026.0,"Educação financeira é central para ampliar autonomia da população, diz diretora do BC A educação financeira também é elemento central para promover a autonomia da população brasileira. A avaliação foi apresentada pela Diretora de Cidadania e Supervisão de Conduta do Banco Central, Izabela Correa, durante a abertura do 3º Encontro de Educação Financeira, realizado nesta sexta-feira (12), em São Paulo.Clique para ver como foi encontro.Promovido pela Associação Brasileira das Entidades dos Mercados Financeiro e de Capitais (Anbima), o evento reuniu representantes de diversas instituições, como B3, Comissão de Valores Mobiliários (CVM), Federação Brasileira de Bancos (Febraban), Fundo Garantidor de Créditos (FGC), Planejar e Sebrae. O tema desta edição foi “Aprender para viver mais e melhor”.Na avaliação da diretora, a educação financeira tem papel estruturante na ampliação de oportunidades e na promoção da inclusão. ""Em um país que busca ampliar oportunidades e promover inclusão, a educação financeira não é um tema periférico, mas um elemento central para que possamos avançar na cidadania e na autonomia dos brasileiros"", disse Izabela Correa, Diretora de Cidadania e Supervisão de Conduta do BC.Segundo ela, o Banco Central tem ampliado a atuação nessa agenda por meio de diferentes iniciativas voltadas à educação financeira.""Humor e linguagem aproximam debate dos adolescentesA programação do evento incluiu painéis que combinaram dados e análise para discutir os desafios contemporâneos da educação financeira — especialmente entre adolescentes. Parte da nossa comunicação sobre educação financeira é para os especialistas, aí usamos a linguagem dos especialistas. Parte da nossa comunicação é para a população geral, aí usamos linguagens diversas. Inclusive o humor. E o humor não é usado simplesmente porque a gente gosta do humor. O humor é uma linguagem inclusiva, conversa com um público bastante amplo”, afirmou Izabela.Em uma das mesas do evento, Rita Almeida, do Lab Humanidades, e Renato Meireles, do Instituto Locomotiva, abordaram transformações no comportamento das novas gerações, em temas como tecnologia, algoritmos e inteligência artificial.Para Meireles, o desafio passa também pela forma de comunicação. “Nós somos os adultos da sala. E, quando falamos de educação financeira, a responsabilidade é nossa — mas talvez não com a mesma régua e o mesmo vocabulário que usamos no passado”, afirmou.Rita destacou que os adolescentes associam educação financeira a objetivos concretos, como independência e apoio à família, ao mesmo tempo em que demonstram insegurança em relação ao futuro. “Quase metade deles tem receio de que os pais percam o emprego por causa da inteligência artificial”, observou.O debate também avançou sobre a relação entre trabalho, aposentadoria e saúde mental. Segundo o psiquiatra Pedro Shiozawa, da Great People Mental Health, a velocidade de produção de conhecimento redefine desafios para a sociedade. “O volume de informação cresce de forma exponencial, o que aumenta a complexidade das decisões individuais”, disse.O cenário, segundo os participantes, reforça a importância de fortalecer a educação financeira como ferramenta para lidar com um ambiente de mudanças rápidas e maior incerteza.Aprender ValorEntre as iniciativas, Izabela destacou o programa Aprender Valor, principal ação do Banco Central na área de educação financeira. Criado em 2020, o programa apoia a inserção do tema no ensino fundamental, com materiais e formação voltados a professores e redes de ensino.De acordo com a diretora, a iniciativa já alcança mais de 150 mil profissionais da educação e está presente em mais de 30 mil escolas em todo o país. A próxima etapa prevê a expansão para o ensino médio.O Aprender Valor também integra a estratégia do governo federal para educação financeira na educação básica, ao ser a base da plataforma do programa Na Ponta do Lápis, coordenado pelo Ministério da Educação. PremiaçãoDurante o encontro, foi realizada ainda a cerimônia de premiação do Aprender Valor 2026, que reconhece boas práticas de implementação do programa nas escolas.A programação incluiu painéis dedicados aos desafios contemporâneos da educação financeira, especialmente entre jovens. Em uma das apresentações, especialistas destacaram a necessidade de adaptação da linguagem e das abordagens diante das transformações tecnológicas e do impacto da inteligência artificial.A agenda do evento também abordou a relação entre finanças pessoais, bem-estar e saúde mental, reforçando a complexidade dos desafios envolvidos na formação financeira da população em um cenário de acelerada produção de conhecimento e mudanças no mundo do trabalho.Agenda estratégicaA participação do Banco Central no encontro reforça a educação financeira como eixo estratégico da agenda de cidadania financeira da instituição. A atuação busca ampliar o acesso da população a informações e ferramentas que favoreçam decisões mais conscientes, contribuindo para maior inclusão e estabilidade no relacionamento com o sistema financeiro.","[{'topic': 'Macroeconomia', 'priority': 5, 'keywords': ['fed', 'banco central']}, {'topic': 'Crédito', 'priority': 4, 'keywords': ['crédito']}, {'topic': 'Mercado Financeiro', 'priority': 3, 'keywords': ['ações', 'lca']}, {'topic': 'Tecnologia', 'priority': 2, 'keywords': ['inteligência artificial']}]",True,5.0,indústria,0.312587779347862,0.34561662535455245,0.39179014765516806
ae374d3777ed575c717cd10e45d8c493443b82c8851fafa892d1d61f8eb648cf,bcb_noticias,Banco Central do Brasil Notícias,https://www.bcb.gov.br/api/feed/sitebcb/sitefeeds/noticias?ano=2024,governo_regulacao,BR,pt-BR,0.88,13ª edição da Semana ENEF acontece entre 18 e 24 de maio,https://www.bcb.gov.br/detalhenoticia/21126/noticia,"Já tradicional, a Semana Nacional de Educação Financeira (Semana ENEF) será realizada, mais uma vez, no mês de maio. A 13ª edição do evento acontece entre os próximos dias 18 e 24 e terá como tema central “Educação Financeira: construindo um futuro com longevidade e prosperidade"".Organizada pelo Fórum Brasileiro de Educação Financeira (FBEF), a Semana ENEF representa um esforço coletivo pela educação financeira, securitária, previdenciária e fiscal. A iniciativa conta com a participação de instituições públicas e privadas, com o objetivo de compartilhar conhecimentos, estimular atitudes e comportamentos e construir uma base sólida para a tomada de decisões financeiras a longo prazo por parte de todos os brasileiros. O propósito é ampliar o acesso ao conhecimento, incentivar hábitos financeiros mais responsáveis e contribuir para decisões mais informadas e sustentáveis por parte dos brasileiros. Ações A semana contará com uma série de iniciativas — presenciais, on-line e mistas. Organizada pela Superintendência de Seguros Privados (Susep), a abertura, com participação dos membros do Fórum Brasileiro de Educação Financeira, acontece entre 14h30 e 17h do dia 18 de maio, no Bloco K, da Esplanada dos Ministérios, em Brasília, em formato misto (presencial e com transmissão on-line).​Outra iniciativa de destaque será o evento “Finanças, cidadania e bem-estar: os desafios das mulheres no Brasil"", promovido pelo BC, no Edifício-Sede da Instituição, em Brasília, das 14h30 às 18h, no dia 22 de maio. O evento será presencial e terá vagas limitadas. Para garantir a sua, . O evento no BC pretende promover a discussão sobre os desafios enfrentados por mulheres para o alcance de sua cidadania e seu bem-estar financeiros. Serão debatidos estudos e pesquisas do BC e do Sebrae sobre o tema, que trarão evidências sobre gênero, raça e acesso ao crédito no Brasil, além de resultados de pesquisa qualitativa sobre educação financeira voltada às mulheres.“Quando falamos em prosperidade, tema da Semana ENEF, as desigualdades da nossa sociedade impactam as oportunidades e os desafios enfrentados pelos diferentes grupos sociais que formam o Brasil. No evento do dia 22 de maio, queremos colocar o foco em gênero e discutir formas de, como sociedade, trabalhar para que mulheres, considerando análises interseccionais​, consigam exercer plenamente sua cidadania e alcançar seu bem-estar financeiro"", disse Izabela Correa, Diretora de Cidadania e Supervisão de Conduta do BC.Ainda durante a Semana ENEF, o BC deve lançar uma nova versão do Portal Cidadania Financeira, espaço da página institucional dedicado a conteúdos para educação financeira do cidadão. A nova versão terá linguagem simples, visual moderno e orientações ainda mais práticas para os visitantes.A agenda completa dos eventos da 13ª Semana ENEF está disponível aqui.​Sobre a Semana ENEFDesde 2014, a Semana ENEF tem se consolidado como um evento nacional de referência na promoção da educação financeira, securitária, previdenciária e fiscal. Reunindo diversas iniciativas gratuitas em todo o Brasil, em 2026 seu foco principal será discutir com os cidadãos as possibilidades de escolhas financeiras que impactarão o futuro e que podem trazer mais prosperidade neste tempo, tanto para prover sustento quanto para realizar sonhos. Durante a semana, poderão ser promovidas atividades de variados temas, como planejamento para a longevidade, longevidade com qualidade, prosperidade como construção, autonomia e tomada de decisão, inclusão e acesso ao conhecimento, e segurança financeira.O tema e os subtemas da Semana ENEF, contudo, são apenas uma referência para orientar o desenvolvimento de novas ações, o que não impede os participantes de abordarem outros assuntos de seu interesse — criatividade é um componente importante do sucesso dessa iniciativa. O essencial é observar, além da gratuidade das iniciativas, as diretrizes da Estratégia Nacional de Educação Financeira, tais como: prevalência do interesse público; atuação por meio de informação, formação e orientação; e proibição de oferta de produtos e serviços nas ações em questão.Sobre o Fórum Brasileiro de Educação Financeira (FBEF)Criado em 2020, o FBEF coordena a Estratégia Nacional de Educação Financeira (ENEF) e promove ações colaborativas para elevar o nível de letramento financeiro no Brasil. Sua presidência é rotativa, e, até maio de 2026, está sendo exercida pela Superintendência de Seguros Privados (Susep). A ENEF tem foco em iniciativas, projetos e programas realizados pelos integrantes do Fórum, tanto de forma individual quanto por meio de parcerias com instituições públicas, privadas ou do terceiro setor.Além da Susep, compõem o Fórum:o Banco Central do Brasil (BCB);a Comissão de Valores Mobiliários (CVM);a Secretaria do Tesouro Nacional (STN), do Ministério da Fazenda;o Ministério da Previdência Social (MPS);a Superintendência Nacional de Previdência Complementar (PREVIC);a Secretaria Nacional do Consumidor (Senacon), do Ministério da Justiça e Segurança Pública;o Ministério da Educação (MEC).​Saiba mais sobre a Semana ENEF aqui​.",2026-05-15 19:16:27+00:00,2026-07-02 11:48:09.755131+00:00,2026-05,2026.0,"13ª edição da Semana ENEF acontece entre 18 e 24 de maio Já tradicional, a Semana Nacional de Educação Financeira (Semana ENEF) será realizada, mais uma vez, no mês de maio. A 13ª edição do evento acontece entre os próximos dias 18 e 24 e terá como tema central “Educação Financeira: construindo um futuro com longevidade e prosperidade"".Organizada pelo Fórum Brasileiro de Educação Financeira (FBEF), a Semana ENEF representa um esforço coletivo pela educação financeira, securitária, previdenciária e fiscal. A iniciativa conta com a participação de instituições públicas e privadas, com o objetivo de compartilhar conhecimentos, estimular atitudes e comportamentos e construir uma base sólida para a tomada de decisões financeiras a longo prazo por parte de todos os brasileiros. O propósito é ampliar o acesso ao conhecimento, incentivar hábitos financeiros mais responsáveis e contribuir para decisões mais informadas e sustentáveis por parte dos brasileiros. Ações A semana contará com uma série de iniciativas — presenciais, on-line e mistas. Organizada pela Superintendência de Seguros Privados (Susep), a abertura, com participação dos membros do Fórum Brasileiro de Educação Financeira, acontece entre 14h30 e 17h do dia 18 de maio, no Bloco K, da Esplanada dos Ministérios, em Brasília, em formato misto (presencial e com transmissão on-line).​Outra iniciativa de destaque será o evento “Finanças, cidadania e bem-estar: os desafios das mulheres no Brasil"", promovido pelo BC, no Edifício-Sede da Instituição, em Brasília, das 14h30 às 18h, no dia 22 de maio. O evento será presencial e terá vagas limitadas. Para garantir a sua, . O evento no BC pretende promover a discussão sobre os desafios enfrentados por mulheres para o alcance de sua cidadania e seu bem-estar financeiros. Serão debatidos estudos e pesquisas do BC e do Sebrae sobre o tema, que trarão evidências sobre gênero, raça e acesso ao crédito no Brasil, além de resultados de pesquisa qualitativa sobre educação financeira voltada às mulheres.“Quando falamos em prosperidade, tema da Semana ENEF, as desigualdades da nossa sociedade impactam as oportunidades e os desafios enfrentados pelos diferentes grupos sociais que formam o Brasil. No evento do dia 22 de maio, queremos colocar o foco em gênero e discutir formas de, como sociedade, trabalhar para que mulheres, considerando análises interseccionais​, consigam exercer plenamente sua cidadania e alcançar seu bem-estar financeiro"", disse Izabela Correa, Diretora de Cidadania e Supervisão de Conduta do BC.Ainda durante a Semana ENEF, o BC deve lançar uma nova versão do Portal Cidadania Financeira, espaço da página institucional dedicado a conteúdos para educação financeira do cidadão. A nova versão terá linguagem simples, visual moderno e orientações ainda mais práticas para os visitantes.A agenda completa dos eventos da 13ª Semana ENEF está disponível aqui.​Sobre a Semana ENEFDesde 2014, a Semana ENEF tem se consolidado como um evento nacional de referência na promoção da educação financeira, securitária, previdenciária e fiscal. Reunindo diversas iniciativas gratuitas em todo o Brasil, em 2026 seu foco principal será discutir com os cidadãos as possibilidades de escolhas financeiras que impactarão o futuro e que podem trazer mais prosperidade neste tempo, tanto para prover sustento quanto para realizar sonhos. Durante a semana, poderão ser promovidas atividades de variados temas, como planejamento para a longevidade, longevidade com qualidade, prosperidade como construção, autonomia e tomada de decisão, inclusão e acesso ao conhecimento, e segurança financeira.O tema e os subtemas da Semana ENEF, contudo, são apenas uma referência para orientar o desenvolvimento de novas ações, o que não impede os participantes de abordarem outros assuntos de seu interesse — criatividade é um componente importante do sucesso dessa iniciativa. O essencial é observar, além da gratuidade das iniciativas, as diretrizes da Estratégia Nacional de Educação Financeira, tais como: prevalência do interesse público; atuação por meio de informação, formação e orientação; e proibição de oferta de produtos e serviços nas ações em questão.Sobre o Fórum Brasileiro de Educação Financeira (FBEF)Criado em 2020, o FBEF coordena a Estratégia Nacional de Educação Financeira (ENEF) e promove ações colaborativas para elevar o nível de letramento financeiro no Brasil. Sua presidência é rotativa, e, até maio de 2026, está sendo exercida pela Superintendência de Seguros Privados (Susep). A ENEF tem foco em iniciativas, projetos e programas realizados pelos integrantes do Fórum, tanto de forma individual quanto por meio de parcerias com instituições públicas, privadas ou do terceiro setor.Além da Susep, compõem o Fórum:o Banco Central do Brasil (BCB);a Comissão de Valores Mobiliários (CVM);a Secretaria do Tesouro Nacional (STN), do Ministério da Fazenda;o Ministério da Previdência Social (MPS);a Superintendência Nacional de Previdência Complementar (PREVIC);a Secretaria Nacional do Consumidor (Senacon), do Ministério da Justiça e Segurança Pública;o Ministério da Educação (MEC).​Saiba mais sobre a Semana ENEF aqui​.","[{'topic': 'Macroeconomia', 'priority': 5, 'keywords': ['banco central']}, {'topic': 'Crédito', 'priority': 4, 'keywords': ['crédito']}, {'topic': 'Mercado Financeiro', 'priority': 3, 'keywords': ['ações', 'lca']}]",True,5.0,indústria,0.26874100201328327,0.0,0.18352273194196836
